call_n,smiles,score,origin_branch,sa,ad_similarity,alerts
1,O=C(CCCN1C(=O)CCC1=O)NCC1(c2ccccc2)CCC1,0.000392,random,2.2712,0.4472,BRENK:phthalimide
2,Cc1ccc([C@H](C)[C@@H](C)Cl)cc1,0.001751,random,2.6338,0.3692,BRENK:alkyl_halide
3,CCOc1ccc(NC(=O)N(C)Cc2cccc(OC)c2)cc1Cl,0.000298,random,1.8507,0.469,
4,Cc1cccc(=O)n1Cc1cc(F)cc(C#CCO)c1,0.001465,random,2.4901,0.3107,BRENK:triple_bond
5,Cc1cc(C)cc(NC(=O)C[C@H]2SC(N3N=C(c4cccs4)C[C@@H]3c3ccccc3)=NC2=O)c1,0.000327,random,3.3441,0.4229,
6,FC(F)COc1cc(CN[C@H]2CCc3[nH]c4ccccc4c3C2)ccn1,0.178021,random,3.0604,0.381,PAINS:indol_3yl_alk(461)
7,CC[C@@H](OC(=O)Cc1c(C)nc(C)[nH]c1=O)c1cccc([N+](=O)[O-])c1,0.000124,random,3.1182,0.3307,BRENK:nitro_group;BRENK:Oxygen-nitrogen_single_bond
8,C[C@H](c1ccc(F)cc1F)N1CC[NH+](Cc2ccc(C(N)=O)cc2)CC1,0.172789,random,3.7272,0.487,
9,COc1cc([C@H](C)NC(=O)c2cnn(C(C)C)c2C)ccc1F,0.000729,random,2.7019,0.373,
10,CNC(=O)C(C)(C)CNS(=O)(=O)c1ccc(OC(C)C)cc1,0.000661,random,2.3628,0.3711,
11,Cc1ccc(NC(=O)CCCc2ccccc2)cc1O,0.000597,random,1.6373,0.4273,
12,Cc1ccc(C(=O)NCCCN2CC[NH2+]CC2)n1C,0.043810,random,3.4165,0.4382,BRENK:Aliphatic_long_chain
13,Cc1cc(NCc2ccc(N3CCO[C@H](C)C3)[nH+]c2)n2c(nc3ccccc32)c1C#N,0.001454,random,3.895,0.5191,
14,COc1ccc(O)c(C[NH2+][C@@H]2CCCOc3c(C)cc(Cl)cc32)c1,0.084995,random,3.6755,0.36,PAINS:mannich_A(296)
15,Cc1cc2occ(CC(=O)NC[C@H](C)C[NH+]3CCCC3)c2cc1C,0.004352,random,4.0213,0.3087,
16,CCc1cccc(C)c1NC(=O)[C@@H](C)S(=O)(=O)Cc1cccc(F)c1,0.000081,random,2.6128,0.4228,
17,CCOc1cc(F)ccc1N[C@@H]1CSCCC1(C)C,0.003052,random,3.2133,0.3663,
18,CS(=O)(=O)N1CCC[C@H](C(=O)Nc2ccc(-c3cscn3)cc2)C1,0.000046,random,2.6943,0.3968,
19,Cc1cccc([C@@H]2C(=O)NC(=O)C[C@@]23CCCOC3)c1,0.000471,random,3.9017,0.3942,BRENK:phthalimide
20,O=c1c(C(F)(F)F)cccn1[C@H]1C=CCCC1,0.003057,random,3.318,0.2909,BRENK:isolated_alkene
21,Cc1ccc(Cl)cc1N1CCN(S(=O)(=O)N2CCCCCC2)CC1,0.000974,random,2.0999,0.4087,
22,C=C1C[C@]2(C)C(=CC1=O)CC[C@@H]1[C@@H]3CC[C@](C)(O)[C@]3(C)CC[C@H]12,0.006183,random,4.3462,0.3893,BRENK:Michael_acceptor_1
23,COc1cc(CNC(=O)Nc2ccc(Br)c(C)c2)cc(OC)c1OC,0.003038,random,1.9593,0.453,
24,CSc1cccc(NC(=O)C(=O)N2CC[C@@H](Cc3ccccc3)C2)c1,0.000034,random,2.5501,0.4553,BRENK:diketo_group
25,CNCc1cc[nH+]c(N(C)CCc2cccs2)c1,0.040244,random,3.5644,0.3333,
26,CC1=C(C(=O)Nc2ccccc2)[C@H](c2ccccc2[N+](=O)[O-])n2ncnc2N1,0.000065,random,3.0409,0.3766,BRENK:nitro_group;BRENK:Oxygen-nitrogen_single_bond
27,O=C(CBr)c1cnc2ccc(Cl)cn12,0.001117,random,2.689,0.3084,BRENK:alkyl_halide
28,CC(=O)c1cccc(NC(=S)NC(=O)/C=C\c2ccco2)c1,0.000016,random,2.1913,0.5943,BRENK:Michael_acceptor_1;BRENK:Thiocarbonyl_group
29,Cc1ccc(C(c2ccc(C)o2)c2cccc([N+](=O)[O-])c2O)o1,0.000789,random,2.6622,0.3306,BRENK:nitro_group;BRENK:Oxygen-nitrogen_single_bond
30,C=CCSc1ccccc1NC(=O)Cn1nnc(-c2ccc(Cl)cc2)n1,0.000171,random,2.3128,0.4344,BRENK:isolated_alkene
31,CCc1noc(CC)c1CC(=O)N[C@H]1CCC[C@H]1C,0.025065,random,3.3405,0.4574,
32,CC(=O)N1C=Cc2ccccc2[C@@H]1CC(=O)Nc1ccc(-c2ccccc2)cc1Cl,0.003291,random,2.7254,0.4557,
33,CC[C@@]1(C)CN(Cc2cc(C)nc3ccccc23)CC[NH2+]1,0.006682,random,3.6713,0.3788,
34,Cc1cccc(OCC(=O)N2CC[C@H](c3ccccc3)C2)c1,0.000481,random,2.2167,0.464,
35,O=C(Nc1cc2nn(-c3ccccc3)nc2cc1Cl)c1ccc([N+](=O)[O-])o1,0.001021,random,2.4123,0.3267,BRENK:nitro_group;BRENK:Oxygen-nitrogen_single_bond
36,Cn1cc(CNC(=O)[C@H]2CC[C@@H]3CCCC[C@@H]3[NH2+]2)cn1,0.007812,random,4.3481,0.4167,
37,C=CCNC(=O)[C@H](C)[NH+]1C[C@@H](C)C[C@@H](C)C1,0.001940,random,5.1448,0.2927,BRENK:isolated_alkene
38,COc1ccccc1Nc1ncccc1C(=O)Nc1ccc(C)c(S(N)(=O)=O)c1,0.000247,random,2.0908,0.4236,
39,COCC[C@@H](C)C(=O)Nc1cc(F)ccc1C(=O)OC,0.000080,random,2.4459,0.4576,
40,O=C(CSc1nc2ccccc2s1)Nc1nc2ccccc2s1,0.000410,random,2.0065,0.3873,
41,CCC([NH3+])(CC)C(=O)N(C)Cc1cscn1,0.001414,random,3.6116,0.3875,
42,CC(C)[C@](C)(CC(=O)NC#N)C(=O)[O-],0.000843,random,4.0074,0.2386,BRENK:cyanate_/aminonitrile_/thiocyanate;BRENK:enamine
43,CC[NH2+][C@]1(C(=O)[O-])CCC[C@@H]([NH+](C)CC2CCCC2)C1,0.002473,random,5.7096,0.2844,
44,Cc1cc(C)n(C[C@H](C)NS(=O)(=O)c2cn(C(C)C)cn2)n1,0.001538,random,3.2654,0.2617,
45,Cc1cc(N2CCN(C(=O)COc3cccc4ccccc34)CC2)ncn1,0.000539,random,2.1086,0.4255,
46,COc1cc2c(c(C[NH+]3CCC(OC(C)=O)CC3)c1)O[C@H](C)C2,0.011723,random,4.1645,0.3214,
47,Cc1ccn(-c2ccc(N(C)Cc3ccccn3)nn2)n1,0.001147,random,2.5372,0.3083,
48,CC(C)(CNC(=O)NCc1cccc(Cn2cncn2)c1)c1ccncc1,0.002912,random,2.4411,0.3268,
49,CC[C@@H](O)C[NH+](C)[C@H](C)c1ccncc1,0.021304,random,4.5559,0.3375,
50,C[NH2+]CCCN(C)CCc1cccs1,0.231332,random,3.4277,0.4091,BRENK:Aliphatic_long_chain
51,CC(=O)Nc1cc(S(=O)(=O)N2CC[C@@H](C)C[C@H]2C)ccc1F,0.000138,random,2.9215,0.4135,
52,O=C(N=c1[nH]c2ccccc2[nH]1)[C@H]1CC(c2ccc(Cl)s2)=NO1,0.002264,random,3.593,0.3077,
53,CCOc1ccc(S(=O)(=O)N2CCC(C(=O)N[C@@H](C)c3cccc4ccccc34)CC2)cc1,0.001873,random,2.5104,0.5,
54,C[C@H](N[C@H](C)c1nc2ccc(Cl)cc2n1C)c1ccc(F)c(F)c1,0.029784,random,3.007,0.3451,
55,NC(=O)N/N=C1\CCn2cccc21,0.001184,random,3.0519,0.2436,PAINS:hzone_pyrrol(64);BRENK:imine_1;BRENK:Oxygen-nitrogen_single_bond
56,COc1ccccc1N[C@H](C)C(=O)N/N=C\c1cc(Br)c(O)c(OC)c1,0.000638,random,2.7037,0.4077,PAINS:hzone_phenol_B(215);BRENK:imine_1;BRENK:Oxygen-nitrogen_single_bond
57,CCCc1nc(NCc2cc3c(nc2OC)CN(CC)C3=O)cc(C)[nH+]1,0.006068,random,3.6479,0.3,
58,COc1cc([C@H]2C3=C(CC(C)(C)CC3=O)Nc3c(C#N)cnn32)ccc1O,0.004341,random,3.4549,0.3383,
59,CCn1c(=S)[nH]c(=O)c2c(C(=O)OC)cc(-c3ccccc3F)nc21,0.000140,random,2.3902,0.3061,BRENK:Thiocarbonyl_group
60,C#CCOc1ccc([C@@H]2CC(=O)Nc3c2c(C)nn3-c2ccc3nnc(C)n3n2)cc1OC,0.001671,random,3.566,0.321,BRENK:triple_bond
61,Cc1cscc1C(=O)Nc1ccccc1C#N,0.000128,random,2.276,0.3494,
62,CS(=O)(=O)NCC[C@@H]1CCCC[NH+]1Cc1nnnn1C1CC1,0.002187,random,4.6154,0.2987,
63,CCc1ccc(C(=O)Nc2ccc3nc(C)sc3c2)cc1,0.000276,random,1.7751,0.4059,
64,Cc1nn(-c2ccc(Cl)cc2)cc1C(=O)NCCOc1cccnc1,0.005234,random,2.1457,0.4211,BRENK:Aliphatic_long_chain
65,CN(Cc1nc2ccsc2c(=O)[nH]1)C(=O)CCc1ccc2c(c1)OCCO2,0.001815,random,2.5852,0.3649,
66,CC(C)N(Cc1nnc(-c2ccccc2Cl)o1)C(=O)c1cccc(F)c1,0.000192,random,2.1979,0.4583,
67,Clc1ccc2c(c1)=[NH+][C@@H](c1ccc(Oc3ncccn3)cc1)[NH+]=2,0.009593,random,4.0796,0.3562,
68,Cc1cc(CN(C)C(=O)NC2CC[NH+](CC3CCCCC3)CC2)no1,0.007289,random,3.6096,0.375,
69,C[C@@H](Oc1ccc([N+](=O)[O-])cc1C=O)C(=O)Nc1ccc(Cl)cc1,0.000112,random,2.4517,0.3719,BRENK:aldehyde;BRENK:nitro_group;BRENK:Oxygen-nitrogen_single_bond
70,COc1cc(S(=O)(=O)NCCc2c(C)[nH]c3ccc(C)cc23)c(C)cc1C,0.001257,random,2.3292,0.3983,PAINS:indol_3yl_alk(461)
71,C[C@H]1CCC[C@H](NS(=O)(=O)c2cn(C)c(=O)n(C)c2=O)[C@@H]1C,0.000835,random,3.4381,0.2937,
72,O=C(Nc1cccc(OC[C@@H]2CCCO2)c1)[C@H]1CCCN1C(=O)C1CC1,0.000986,random,2.7941,0.4485,
73,Cn1c(-c2ccc(C(=O)NNC(=O)COc3ccccc3)s2)nc2ccccc21,0.001014,random,2.2196,0.4651,BRENK:Oxygen-nitrogen_single_bond
74,CS(=O)(=O)N1CCC(NC(=O)NCc2ccccc2S(=O)(=O)N2CCCCC2)CC1,0.000718,random,2.319,0.4779,
75,N#CC1C(=N)S[C@H](c2cccs2)[C@@H]([N+](=O)[O-])[C@@H]1c1ccccc1Cl,0.000055,random,4.2362,0.3534,BRENK:imine_1;BRENK:nitro_group;BRENK:Oxygen-nitrogen_single_bond
76,CCN(CC#N)S(=O)(=O)c1ccc(Br)cc1C(=O)OC,0.000067,random,2.4525,0.3654,BRENK:cyanamide
77,Cc1cccc(NC(=O)C[C@H]([NH2+]C(C)C)C(=O)[O-])c1,0.000052,random,3.6752,0.3295,
78,Cc1cc(N2CC[C@H](N[C@H]3CC[NH+](C4CC4)C3)C2=O)n(C)n1,0.031089,random,4.977,0.2901,
79,O=c1[nH]c2ccccc2nc1/C=C/c1cccc(F)c1,0.000883,random,2.1528,0.4608,
80,C[C@H](Cn1cccn1)OC(=O)[C@H]1CCCN1S(C)(=O)=O,0.000400,random,3.3271,0.3333,
81,CC(C)[C@H](NC(=O)c1cccs1)C(=O)N(C)C1CCOCC1,0.000631,random,2.8236,0.4725,
82,Cn1c(SCc2ccc(Cl)cc2Cl)nnc1[C@@H]1COc2ccccc2O1,0.002713,random,2.818,0.396,
83,O=C(Nc1cccc(Cl)c1)c1cccc(OC(F)F)c1,0.001076,random,1.7023,0.3967,
84,C[C@](CO)(CCCN1CC[NH+]2CCC[C@@H]2C1)[NH2+]C1CC1,0.016875,random,5.9061,0.3048,
85,CCCc1nnc(NC(=O)N[C@H](C)c2ccc3c(c2)OCCO3)s1,0.001769,random,2.7673,0.3696,
86,O=S(=O)([N-]c1cccc(OCc2cccnc2)c1)c1ccc(F)cc1F,0.002535,random,2.9462,0.4178,
87,O=C(/C=C/c1nc2ccccc2s1)OCC(=O)N1CCN(C(=O)c2ccco2)CC1,0.000439,random,2.426,0.4865,BRENK:Michael_acceptor_1
88,CC1=NN(CC(C)C)c2nc3c(c(=O)n(C)c(=O)n3C)n2C1,0.001499,random,2.9545,0.5152,
89,CCOC(=O)N1CCC([NH2+]CC[NH+]2CCCC[C@@H]2CC)CC1,0.004382,random,5.1344,0.3043,
90,COC[C@H](C)NC(=O)Nc1cccc(SC(F)F)c1,0.000184,random,2.6391,0.3482,
91,COc1cc(F)cc(C[NH2+]Cc2csc(Br)c2)c1,0.003991,random,3.403,0.33,
92,CC[S@](=O)[C@@H]1CCC[C@H](NC(=O)NCCC(F)(F)F)C1,0.003471,random,3.8032,0.3725,
93,CCN(Cc1ccccc1)S(=O)(=O)c1ccc(C(=O)Nc2nc(C)c(C)s2)cc1,0.000055,random,2.0781,0.4863,
94,O=C(NCc1cccc(OCC2CCCCC2)c1)c1cc2ncsc2[nH]1,0.001951,random,2.5998,0.3819,
95,Cn1cc(CC(=O)NNC(=O)NCCc2cccs2)c2ccccc21,0.001800,random,2.3133,0.3662,BRENK:Oxygen-nitrogen_single_bond
96,Cc1cc(C(=O)NCC[NH+](C(C)C)C2CC2)nc2nc([O-])[nH]c(=O)c12,0.002424,random,4.5367,0.2953,
97,CO[C@@H](CNC(=O)NNC(=O)c1oc2ccccc2c1C)c1ccccc1,0.000091,random,2.7346,0.4737,BRENK:Oxygen-nitrogen_single_bond
98,C[C@H](Sc1nnnn1C)[C@H](C)C(=O)NN,0.001434,random,3.7745,0.2083,BRENK:acyl_hydrazine;BRENK:hydrazine;BRENK:Oxygen-nitrogen_single_bond
99,C[C@H](Nc1ccc(Oc2cccc3cccnc23)cc1)C(=O)NC(=O)NC1CC1,0.003880,random,2.6285,0.3665,
100,CCOc1ccc([C@H]([NH2+]C)c2ccoc2)c(Br)c1,0.003757,random,3.744,0.3529,
101,Cc1cc2oc(=O)cc(COC(=O)c3cccc(NC(N)=O)c3)c2cc1Cl,0.000121,random,2.2302,0.3333,BRENK:cumarine
102,COc1ccc(F)cc1NC(=O)c1nc(C)c(C)[nH]c1=O,0.000285,random,2.1841,0.3333,
103,COCC1=C2[C@H](c3ccc4c(c3)OCO4)C(C#N)=C(N)O[C@H]2N=N1,0.001971,random,4.0738,0.3485,
104,NC(=O)C1CCN([C@H](c2ccccc2F)c2nnnn2C2CCCCC2)CC1,0.002316,random,2.8653,0.5205,
105,N/C(CN1CCN(c2ccccc2)CC1)=N\OCc1ccc([N+](=O)[O-])cc1,0.002630,random,2.2377,0.5164,BRENK:imine_1;BRENK:imine_2;BRENK:nitro_group;BRENK:Oxygen-nitrogen_single_bond
106,O=C(N[C@@H]1CCCC[C@@H]1OC1CCCC1)c1cc(F)c([N+](=O)[O-])cc1F,0.006396,random,3.2271,0.3798,BRENK:nitro_group;BRENK:Oxygen-nitrogen_single_bond
107,CC(C)N1CCC([NH+]2CCN(Cc3ccc(C(F)(F)F)cc3)C[C@@H]2CCO)CC1,0.144139,random,4.1541,0.4044,
108,CN(C(=O)COc1ccccc1[N+](=O)[O-])C1(C#N)CCCCC1,0.000063,random,2.4972,0.3643,BRENK:nitro_group;BRENK:Oxygen-nitrogen_single_bond
109,C#CCNC(=O)N1CCC(C(=O)Nc2ccc(C)cn2)CC1,0.001459,random,2.3279,0.3571,BRENK:triple_bond
110,c1nc(N2CCC(CN3CCOCC3)CC2)c2sccc2n1,0.033801,random,2.4472,0.3841,
111,C[C@@H](Cc1ccsc1)[NH2+][C@H]1CCOC2(CCC2)C1,0.034594,random,4.9398,0.3,
112,COc1ccc([C@@H]2CC(O)=Nc3c2cnn3C(C)(C)C)cc1OC,0.002394,random,3.3353,0.3876,
113,CC(C)[C@H]1OCCC[C@@H]1CNS(=O)(=O)CC1CCC1,0.000781,random,3.5268,0.3333,
114,CC(=O)c1ccc(N2C(=O)c3ccc(Oc4ccccc4)cc3C2=O)cc1,0.003924,random,1.8917,0.4557,BRENK:phthalimide
115,COC(=O)CCN(C)C(=O)Cn1cnnn1,0.001534,random,2.487,0.2449,
116,CCOCC(=O)N1CCO[C@H](c2cccc(OC(F)F)c2)C1,0.001034,random,2.805,0.3694,
117,C[C@@H]1CS(=O)(=O)N(c2ccc(S(=O)(=O)N3CCN(c4ccc(F)cc4)CC3)cc2)C1=O,0.000297,random,2.822,0.5113,
118,CC(C)n1nccc1NC(=O)NCCc1c[nH]c2ccccc12,0.006315,random,2.2542,0.4821,
119,C[C@@H](C(=O)NCc1ccccc1OC1CCC1)[NH+](C)C,0.001754,random,3.3761,0.3796,
120,COc1ccc([C@@H]2C3=C(CCCC3=O)Nc3c(C(=O)Nc4ccccc4)cnn32)cc1,0.000197,random,2.9972,0.3767,
121,CN(CCc1ccc(Cl)c(Cl)c1)CC[NH+]1CCCC1,0.359344,random,3.6011,0.4118,
122,CC(=O)N1CC[C@@H](C[NH+](C)Cc2ccc(-c3ccc(C)cc3)o2)C1,0.001584,random,3.7944,0.3871,
123,COc1ccc2c(c1)CCO2,0.001976,random,1.7333,0.3365,
124,CC(=O)Nc1nc(C(=O)O[C@H](c2ccccc2)c2nccs2)cs1,0.000033,random,2.8936,0.3586,
125,CC(C)Cc1cc(C(=O)Nc2ccc(CN3CCOCC3)cc2)[nH]n1,0.003004,random,2.2696,0.3894,
126,COc1ccc(N2CC[NH+]([C@@H]3CC[C@H](C)C3)CC2)cc1,0.001825,random,4.1002,0.3918,PAINS:anil_di_alk_C(246)
127,CCCSc1nnc(NC(=O)COc2ccccc2C)s1,0.000085,random,2.0467,0.3729,"BRENK:N-acyl-2-amino-5-mercapto-1,3,4-_thiadiazole"
128,O=C(NC[C@H]1CC=CCC1)C(=O)Nc1cccnc1Br,0.001042,random,3.0492,0.3333,BRENK:2-halo_pyridine;BRENK:diketo_group;BRENK:isolated_alkene
129,C[C@H](O/N=C(/N)[C@@H]1CCOC1)C(=O)N[C@@H](C)c1ccc2c(c1)CCCC2,0.004143,random,3.6118,0.3684,BRENK:imine_1;BRENK:imine_2;BRENK:Oxygen-nitrogen_single_bond
130,CC(C)(CSc1ccc(Br)cn1)C(=O)NN,0.000364,random,2.8605,0.2717,BRENK:acyl_hydrazine;BRENK:hydrazine;BRENK:Oxygen-nitrogen_single_bond
131,CCC(=O)N1C[C@H]2NC(=O)[C@@H]2C1,0.001167,random,3.5422,0.3151,
132,CC[C@H](C)C(=O)C1CCC(C(C)(C)C)CC1,0.003707,random,2.8488,0.3958,
133,C=CCNc1ncc(C(=O)Nc2cc(-c3ncco3)ccc2C)s1,0.001911,random,2.6483,0.3475,BRENK:isolated_alkene
134,CN(C(=O)C1(c2ccccc2)CCC1)C1CCN(c2cccc(F)c2)CC1,0.003900,random,2.3118,0.4839,
135,COC(=O)c1ccccc1-n1c(C)cc(/C=C2\NC(=O)NC2=O)c1C,0.000043,random,2.4671,0.2977,PAINS:pyrrole_A(118);PAINS:ene_rhod_F(8);BRENK:hydantoin;BRENK:Michael_acceptor_1
136,CSC[C@@H](C)NC(=O)N1CCC(C(=O)NCCc2cccs2)CC1,0.003992,random,2.826,0.3944,
137,C=C(C)CN(CC)C(=O)NCc1ccc(C[NH+](C)C)cc1,0.002411,random,3.1449,0.3426,BRENK:isolated_alkene
138,CS(=O)(=O)N[C@@H]1CCCN(CC(=O)Nc2ccc(Cl)cn2)C1,0.005784,random,2.6666,0.4457,
139,CCc1nn(C)cc1C(=O)N1C[C@@H](C)O[C@H](C)C1,0.005811,random,3.2851,0.2913,
140,CCc1cccc(C)c1NC(=O)NCC(C)(C)c1ccncc1,0.006890,random,2.2477,0.4062,
141,CCC(=O)N(CCc1ccc(S(N)(=O)=O)cc1)[C@H]1CC(=O)N(c2ccccc2)C1=O,0.000314,random,2.7518,0.4419,BRENK:phthalimide
142,O=C(N[C@@H]1C=C[C@H](CO)C1)N[C@@H](Cn1cncn1)c1ccccc1,0.000818,random,3.709,0.3171,BRENK:isolated_alkene
143,COc1ccc2c(c1)c1ncnc(N3C[C@H](C)C[C@@H](C)C3)c1n2C,0.001433,random,3.2155,0.3357,
144,CCN(C)C(=O)NC[C@H](O)CO,0.001886,random,2.8628,0.2471,
145,C[C@H]1CN(CCNc2cncc(-n3cncn3)n2)C[C@H](C)O1,0.012235,random,3.4628,0.3393,
146,O=C(c1cc(C2CC2)nc2ccc(F)cc12)N1C[C@@H]2CC=CC[C@H]2C1,0.010210,random,3.3057,0.3609,BRENK:isolated_alkene
147,CC(C)(O)CCOc1ccc(C(=O)[O-])cc1,0.000239,random,2.5002,0.3158,
148,COCCn1cc(NC(=O)N2CCC(COc3ccccc3)CC2)cn1,0.000476,random,2.1883,0.4028,
149,CC[C@H](CO)NC(=O)Nc1ccccc1OC(F)(F)F,0.000556,random,2.5677,0.3818,
150,CCC[NH2+][C@@H]1CCN(CCc2ccccc2)[C@H](C)[C@@H]1C,0.127503,random,4.1348,0.4948,
151,Cc1ccc(Cl)cc1N1C[C@@H](C)C(=O)NC1=O,0.000115,random,2.8442,0.3412,
152,COCc1cccc(O[C@@H]2CC[C@](C#N)(NC(C)C)C2)c1,0.006007,random,3.472,0.37,
153,CC(=O)Nc1ccc(/C=C/C(=O)OC[C@H]2CCCCO2)cc1,0.000111,random,2.518,0.3984,BRENK:Michael_acceptor_1
154,COCCn1nc(C)c(CNc2cc(C)ccc2[N+](=O)[O-])c1C,0.000461,random,2.3186,0.292,BRENK:nitro_group;BRENK:Oxygen-nitrogen_single_bond
155,COc1ccc(C(=O)OCC(=O)Nc2ccnn2C(C)C)cn1,0.000076,random,2.272,0.3597,
156,O=C(c1cc(-c2cccc(O)c2)on1)N1CCc2ccccc2C1,0.009491,random,2.1689,0.4472,
157,C[C@@H]1OCC[C@H]1C(=O)NCc1cccc(CN2CCCC2=O)c1,0.000217,random,3.099,0.3876,
158,Cc1cccc(OC[C@H](O)Cn2nc(-c3ccco3)oc2=O)c1,0.000100,random,2.8315,0.3488,
159,CC(C)(C)C(=O)NCCC(=O)N[C@@H](c1ccc(F)cc1)[C@H]1CCCO1,0.001591,random,3.0547,0.4032,
160,COc1ccc2c(C[C@@H]3[C@@H](O)c4ccccc4S(=O)(=O)N3Cc3cccnc3)c[nH]c2c1,0.005082,random,3.455,0.4069,
161,C=CCCC(=O)N1C[C@@H](c2ccc(OC)cc2)C[C@@H]1C,0.000601,random,2.9883,0.4167,BRENK:isolated_alkene
162,COC(=O)CN(C(=O)c1ccc(C(=O)Nc2ccccc2)cc1)C(C)C,0.000014,random,1.8269,0.4394,
163,CCc1cccc(OCCn2c(Cl)nc3c2c(=O)n(C)c(=O)n3C)c1,0.000793,random,2.3616,0.4488,
164,Cc1nc([C@@H]2CCCN2C(=O)C2CC2)[nH]c(=O)c1C,0.005072,random,2.9502,0.3158,
165,C=CCOc1ccc(C(=O)NNC(=O)Cc2ccccc2)cc1,0.000151,random,1.7994,0.4679,BRENK:isolated_alkene;BRENK:Oxygen-nitrogen_single_bond
166,Cc1ccc(Cn2ncc3c(N4CC[NH+](Cc5ccc(Cl)c(Cl)c5)CC4)ncnc32)cc1,0.007865,random,3.2781,0.3988,
167,CC(C)C(=O)N1CCc2c([nH]c3cc([C@H]4CCC[NH+]4Cc4ccc(F)cc4)nn3c2=O)C1,0.026448,random,4.5978,0.32,
168,C[NH+](C)C(C)(C)CNC(=O)CCC(=O)c1ccc2c(c1)CCC2,0.029494,random,3.0258,0.4356,
169,Cc1c(-c2nnc(Cc3ccccc3)o2)nnn1-c1cccc(Cl)c1,0.000923,random,2.2592,0.3986,
170,COc1ccccc1[C@H](Nc1ccc([N+](=O)[O-])c(C)c1)c1ccccn1,0.000140,random,2.6274,0.3869,BRENK:nitro_group;BRENK:Oxygen-nitrogen_single_bond
171,Cn1ncc2c1CCC[C@H]2[NH2+]CCS(=O)(=O)NC[C@@H]1CCCCO1,0.004827,random,4.2844,0.3194,
172,CCn1nc(C)c(NC(=O)N(C)Cc2ccc(Br)cc2)c1C,0.000152,random,2.1548,0.4,
173,Cc1sc2ncn(CC(=O)N[C@@H](c3ccccc3)C(C)C)c(=O)c2c1C,0.000043,random,2.6755,0.3616,
174,C[C@H](CC1CC1)N[C@H](Cc1ccccc1)C(F)(F)F,0.062094,random,3.0578,0.3918,
175,Cc1cc(C)cc(-n2ccnc2SCC(=O)N2CC[C@H](C)[C@@H](O)C2)c1,0.001311,random,3.2031,0.3359,
176,COCCN(Cc1ccccn1)C(=O)Nc1ccc(N2CCOCC2)cc1C,0.001244,random,2.2583,0.4067,PAINS:anil_di_alk_A(478)
177,Cc1c(C(=O)NC(C2CC2)C2CC2)sc2nc(C(F)(F)F)ccc12,0.013337,random,2.6857,0.3228,
178,Cc1nc(SCC(=O)NCc2cccc(C(=O)NC3CC3)c2)oc1C,0.000141,random,2.2162,0.3617,
179,COc1ccc(CC(=O)NC(=S)Nc2ccc([N+](=O)[O-])cc2C)cc1,0.000031,random,1.9835,0.395,BRENK:nitro_group;BRENK:Oxygen-nitrogen_single_bond;BRENK:Thiocarbonyl_group
180,CCCn1nnnc1CN1C(=O)N[C@@](C)(c2ccccn2)C1=O,0.000477,random,3.0616,0.4087,BRENK:hydantoin
181,O=C(CN1CCOc2ccc(F)cc21)Nc1ccc(F)cc1F,0.006380,random,2.0812,0.3968,
182,Cc1cc(NC(=O)C(=O)N[C@@H]2CCc3ccccc32)ccc1-n1cnnn1,0.000457,random,2.8013,0.3406,BRENK:diketo_group
183,CCN(C1CCN(Cc2c[nH]c[nH+]2)CC1)S(C)(=O)=O,0.019099,random,3.7748,0.3061,
184,BrC[C@H](C[C@@H]1COc2ccccc21)c1ccccc1,0.003500,random,3.078,0.45,BRENK:alkyl_halide
185,C[C@H]1Cc2ccccc2N1C(=O)CN1C(=O)N[C@]2(CCCCc3ccccc32)C1=O,0.001547,random,3.5623,0.5224,BRENK:hydantoin
186,O=C([O-])c1cccc(Br)c1O[C@@H]1CCOC2(CCC2)C1,0.001576,random,4.0537,0.2885,
187,COc1cc(CNC(=O)NC[C@@H](O)c2ccccc2)ccn1,0.001265,random,2.4556,0.35,
188,O=[N+]([O-])c1cn(C[C@@H](O)COCc2ccc(Cl)cc2)cn1,0.000159,random,2.8904,0.3301,BRENK:nitro_group;BRENK:Oxygen-nitrogen_single_bond
189,OCC[C@H]1CN(Cc2ccc(C[NH+]3CCCCC3)s2)CC[NH+]1C1CCCC1,0.059874,random,5.358,0.3071,
190,N#Cc1cc(F)c(NCc2ccc(COCCO)c(F)c2)c(F)c1,0.029908,random,2.445,0.3256,BRENK:Aliphatic_long_chain
191,CCNC(=O)c1ccc(N[C@@H]2CC[C@H](C)[C@@H]2C)[nH+]n1,0.003503,random,4.4375,0.3333,
192,Cc1ccc(OCCc2nnc(NC(=O)c3ccc(C)cc3)s2)cc1,0.000472,random,1.9052,0.4135,
193,O=c1[nH]cnc2[nH]c(Br)nc12,0.006244,random,3.3152,0.1733,
194,CC(C)n1ccc(C(=O)OCC(=O)N2CCCc3ccccc32)n1,0.001115,random,2.3028,0.4355,
195,CC(=O)c1cccc(NC(=O)[C@@H](c2ccccc2)[NH+]2CCC(CO)CC2)c1,0.000144,random,3.5779,0.4104,
196,C[C@H](NC(=O)[C@H]1CCCCN1S(=O)(=O)c1ccccc1)c1ccc(F)c(Cl)c1,0.000929,random,2.7644,0.411,
197,CCCn1c(C)nnc1SCC(=O)Nc1ccc(C(C)(C)C)cc1,0.000255,random,2.0685,0.5093,
198,COc1ccc(Cl)c2ncc(Cl)c(N)c12,0.003148,random,2.3823,0.2824,
199,CC(=O)c1c(C)[nH]c(C(=O)N2C[C@@H](C)Oc3ccc(C)cc32)c1C,0.001883,random,2.9365,0.3741,
200,CC[NH2+][C@H](Cc1c(F)cccc1Cl)[C@H]1CSCCO1,0.001734,random,4.3668,0.3505,
201,CC(C)C(=O)N[C@H]1CCCN(C(=O)N[C@@H]2CCCC[C@@H]2OC2CCCC2)C1,0.008322,random,3.4272,0.3571,
202,CC[C@@H]([NH2+][C@@H]1COc2cc(OC)ccc2C1)C(C)C,0.006002,random,4.1258,0.3626,
203,Cc1n[nH]c(-c2ccc(NC(=O)C(=O)N[C@H]3C[C@@H]3C3CCCCC3)cc2)n1,0.000324,random,3.4042,0.3529,BRENK:diketo_group
204,CN1C(=O)COc2c(C(=O)NC34CC[NH+](CC3)CC4)cc(Cl)cc21,0.035953,random,4.6547,0.3361,
205,Cc1oc(-c2ccccc2)nc1CCNC(=O)c1ccc([S@@](C)=O)cc1,0.000525,random,2.6733,0.4752,
206,CC(C)(C)c1ccc(=O)n(Cc2nnnn2-c2ccc(OC(F)F)cc2)n1,0.000665,random,2.5672,0.3217,
207,CCO[C@H]1CCCN(C(=O)NNC(=O)CC2CCCCC2)C1,0.001871,random,2.8298,0.3727,BRENK:Oxygen-nitrogen_single_bond
208,O=[N+]([O-])c1cc(S(=O)(=O)[N-]c2ccc3oc4ccccc4c3c2)ccc1Cl,0.001662,random,3.0705,0.3813,BRENK:nitro_group;BRENK:Oxygen-nitrogen_single_bond
209,Cc1ccc2[nH]c3c(c2c1)[C@@H]1CCCC[C@H]1[NH2+]C3,0.030743,random,4.2031,0.3524,PAINS:indol_3yl_alk(461)
210,Cc1ccccc1[C@H](C)NC(=O)C(=O)Nc1nnc(CC(C)C)s1,0.000154,random,2.7263,0.3657,BRENK:diketo_group
211,Cn1c(C[NH+](C)CCC(=O)NC2CCCCC2)nc2ccccc21,0.002803,random,3.4746,0.3967,
212,Cc1cc(C(=O)NCC(C)C)ccc1NC(=O)c1cnn(C(C)C)c1C,0.000793,random,2.1994,0.3669,
213,CC(=O)Nc1ccc(N[C@H](C)C(=O)NC(=O)NC2CCCC2)cc1,0.000476,random,2.4358,0.3543,
214,Cc1ccc(SC2(C(=O)N3CCC[C@@H](C(N)=O)C3)CCCC2)cc1,0.000067,random,3.0603,0.4483,
215,OCCN1CC[NH+](Cc2sccc2Br)CC1,0.020396,random,4.0992,0.2717,
216,COC(=O)c1cc2ccccc2cc1OCC(=O)N[C@H](C)C1CC1,0.000227,random,2.4895,0.4191,
217,COc1ccc([C@H](O)[C@@H](C)NC(=O)COc2ccc(C)c(C)c2)cc1,0.000652,random,2.6493,0.4034,
218,COc1ccc(NC(=O)C(=O)NCCc2c[nH]c3ccccc23)cc1OC,0.000493,random,1.9841,0.4917,BRENK:diketo_group
219,Cc1[nH+]ccn1C[C@H](C)CNC(=O)N1CCC(OC[C@H]2CCCCO2)CC1,0.006377,random,4.1071,0.3469,
220,C[C@H]1CCCC[NH+]1C[C@@H]1CCCN(S(=O)(=O)c2cncc(F)c2)C1,0.005397,random,4.4329,0.3945,
221,CC(C)(C)OC(=O)N1CCC[C@H](O)CC1,0.001357,random,2.384,0.4667,
222,COc1ccc(-c2nc(NC(=O)c3ccco3)sc2-c2ccccc2)cc1,0.001383,random,2.0277,0.5211,
223,CCN[C@@]1(C(=O)[O-])CC[C@@H]([NH+]2CCC(C)(CC)CC2)C1,0.004480,random,5.3931,0.283,
224,C[C@@]1(c2cccc3ccccc23)NC(=O)N(Cc2ccc(C(=O)Nc3ccccc3)cc2)C1=O,0.011144,random,2.5058,0.4716,BRENK:hydantoin
225,CCCOc1ccc(S(=O)(=O)Nc2ccc3c(c2)CC(=O)N3CC)cc1,0.002578,random,2.1402,0.475,
226,CCc1nsc(N2CCN(C(=O)[C@H](C)CCOc3ccccc3)CC2)n1,0.001063,random,2.8177,0.4627,
227,OCc1cccc(OCCN2CCOCC2)c1,0.000851,random,1.8269,0.4639,
228,Cc1cccc(C2=CCN(C(=O)[C@H]3CC(=O)Nc4ccccc43)CC2)c1,0.001482,random,2.8594,0.4397,
229,CSC(C)(C)CNC(=O)[C@@H](C)Sc1ccccc1,0.000082,random,2.8647,0.3529,
230,CCC[NH+]1CCCN(c2cccc(C(=O)NC)n2)CC1,0.005111,random,4.0427,0.3196,
231,Cc1c(N2CCN(C(=O)c3ccc(Cl)cc3)CC2)c(=O)n(C)c(=O)n1-c1ccccc1,0.000668,random,2.2081,0.4333,
232,C=C(C)COc1cccc(NC(=O)N2CC[C@@H](COCC)C2)c1,0.000406,random,2.6782,0.4,BRENK:isolated_alkene
233,CC(=O)Nc1ccc(NC(=O)C(=O)N[C@@H]2CC[C@@H](C)C[C@H]2C)cc1,0.000870,random,2.977,0.3571,BRENK:diketo_group
234,O=C(N[C@@H](Cc1ccc(O)cc1)C(=O)[O-])c1ccc(Cl)s1,0.000950,random,2.9145,0.3061,
235,COc1cc(C(=O)/C=C/c2ccccc2C)ccc1O,0.000913,random,1.914,0.4455,BRENK:Michael_acceptor_1
236,CCOC(=O)/C=C/c1ccc(NC(=O)N[C@@H](C)[C@H]2CCCO2)cc1,0.000518,random,2.9302,0.3562,BRENK:Michael_acceptor_1
237,CCOC(=O)N1CCC([NH2+][C@@H](C)c2ncnn2CC)CC1,0.001791,random,3.9168,0.3168,
238,Fc1cccc([C@@H](NCc2nnsc2Cl)c2ccccc2)c1,0.005734,random,2.7544,0.4545,
239,Cc1nnc(SCc2ccc(F)cc2Cl)n(N)c1=O,0.000680,random,2.3119,0.3654,
240,COc1ccc(F)cc1S(=O)(=O)N1CCC(C(=O)NCCN2CCOCC2)CC1,0.013045,random,2.1835,0.5319,
241,C[C@H]1CCN(C(=O)c2ccc(F)c(I)c2)C[C@H]1O,0.001673,random,3.047,0.519,BRENK:iodine
242,O=C(N[C@H]1COc2ccccc2C1)c1ccccc1C(F)(F)F,0.006323,random,2.5472,0.4783,
243,CO[C@]1(C)C[C@@H](NC(=O)Nc2ccccc2SC[C@@H](C)C#N)C1(C)C,0.000824,random,3.9225,0.3704,
244,O=C(NCc1noc(-c2ccc(C(F)(F)F)cn2)n1)Nc1ccccc1,0.000806,random,2.2599,0.3182,
245,O=C(NCCc1cscn1)[C@@H]1COc2ccc(F)cc2C1,0.004764,random,2.8607,0.3772,
246,CC(C)CNC(=O)Cc1csc(Nc2cccc(C(F)(F)F)c2)n1,0.000404,random,2.2035,0.3691,
247,CS[C@@H]1CCC[C@H](NC(=O)c2cc(C#N)cs2)C1,0.001246,random,3.5371,0.3737,
248,COC(=O)c1ccc(-c2csc(NC(=O)Nc3ccccc3OC)n2)cc1,0.000245,random,1.9021,0.4118,
249,Cc1nn(C)c(Cl)c1C(=O)N[C@@H]1CC(=O)N(C)[C@@H]1c1ccc(Cl)cc1,0.000692,random,3.3155,0.3577,
250,CC[NH+](Cc1ccc(CC(C)C)cc1)C1CCC([NH3+])CC1,0.016687,random,4.4509,0.3559,
251,CCc1nn(C)cc1CNC(=O)c1cc(C)c(C)s1,0.005733,random,2.5522,0.3333,
252,C[C@@H]1OCC[C@H]1C(=O)N1CCC(COc2ccccc2)CC1,0.000548,random,2.9785,0.4109,
253,CC(=O)CCc1ccc(OCC(=O)Nc2ccc(C)cc2)cc1,0.000095,random,1.655,0.5037,
254,Cc1ccccc1NC(=O)CSc1nc2nc(N3CCCC3)sc2c(=O)n1C,0.000317,random,2.3906,0.3813,
255,Cc1csc(C[S@](=O)Cc2coc(-c3ccc(F)c(F)c3)n2)n1,0.002167,random,3.3404,0.4202,
256,Cc1cc(S(=O)(=O)Nc2ccc(-c3ccccc3)cc2)c(C)s1,0.000297,random,1.8865,0.4508,
257,COc1ccc(C(=O)N2CCN(S(=O)(=O)c3cccc(Cl)c3Cl)CC2)cc1,0.000322,random,1.9454,0.4672,
258,C[C@H](c1cccc(N)c1)N(C)C(=O)c1ccncc1Cl,0.001261,random,2.6525,0.39,BRENK:aniline
259,Nc1cnn(CC(=O)Nc2ccccc2I)c1,0.001356,random,2.205,0.3558,BRENK:iodine
260,N#Cc1ccc(OS(=O)(=O)c2c[nH]c3nccc(Cl)c23)c(F)c1,0.006545,random,2.7571,0.3,BRENK:Sulfonic_acid_1
261,CCOC(=O)c1sc(NC(=O)CSc2nc(C)cc(C)n2)c(C#N)c1C,0.000716,random,2.4558,0.3576,
262,CC[C@H](C)c1ccccc1N1C[C@H](C(=O)N2CCN(C(C)=O)CC2)CC1=O,0.006287,random,2.9368,0.4504,
263,CCc1ncc(CN(C)C(=O)N[C@@H](C)C[NH+]2C[C@@H](C)C[C@H](C)C2)s1,0.007477,random,4.758,0.3509,
264,CCc1c2c(=O)n(-c3ccc(F)cc3)[nH]c2cc(=O)n1CCOC,0.005323,random,2.6359,0.3077,PAINS:het_65_B(7)
265,COC(=O)CCNC(=O)c1ccccc1Nc1cccc(C)c1C,0.001228,random,1.8725,0.3874,
266,Nc1ccccc1C(=O)c1ccccn1,0.000456,random,1.819,0.3793,PAINS:anthranil_one_A(38);BRENK:aniline
267,CC(C)[C@@H]([NH3+])Cc1nc([C@H]2CN(C)CCO2)no1,0.012757,random,4.2652,0.2857,
268,C#CCOc1ccc([C@@H]2CC(=O)Nc3c2c(=O)nc(SCc2ccc(Cl)cc2)n3C)cc1OC,0.000735,random,3.2005,0.3779,BRENK:triple_bond
269,Cn1c(SCC(=O)Nc2cc(=O)n(C)c(=O)n2C)nnc1-c1ccccc1Br,0.000401,random,2.4983,0.3857,
270,Cc1cccc([C@H](C)[NH2+][C@H](c2nc(-c3nc[nH]n3)no2)C(C)C)c1,0.002576,random,4.4878,0.2797,
271,COCc1nc(C)cc(NCc2cccc(CN3CCO[C@H](C)C3)c2)n1,0.010447,random,2.8482,0.3567,
272,Cc1nn(C(C)C)cc1-c1cccc2c1O[C@H](C[NH3+])C2,0.001788,random,3.6507,0.3167,
273,Brc1ccc(CN2CCc3nc(Nc4ccc5c(c4)OCCO5)ncc3C2)s1,0.011529,random,2.5927,0.6319,
274,Cn1ccnc1COC(=O)[C@@]1(C)CCCN1C(=O)c1ccccc1,0.000095,random,2.9178,0.3588,
275,O=C(NC[C@@H]1CCC[C@@H](O)C1)c1cnc(Cc2ccccc2)s1,0.001688,random,3.0132,0.4,
276,O=C(Nc1ccccc1)c1nnc(C(=O)N2CCC[C@@H](C(=O)N3CCCC3)C2)s1,0.000559,random,2.7319,0.4114,
277,Cc1csc(C[C@@H](C[NH2+]CC(C)C)c2ccc(Cl)cc2)n1,0.004994,random,3.7343,0.3504,
278,CCOc1cccc([C@@H](C)NC(=O)Nc2cccc(N(C)C(C)=O)c2)c1,0.000313,random,2.5069,0.413,
279,C[C@@H](Oc1ccc(F)cc1)C(=O)Nc1sc2c(c1C(=O)NCc1ccco1)CCCC2,0.001641,random,2.747,0.442,
280,CCN(C(=O)Nc1ccc(S(=O)(=O)C(F)F)cc1)C1CCCC1,0.000100,random,2.252,0.5,
281,O=C(Nc1cc([N+](=O)[O-])ccc1O)c1cnsn1,0.000969,random,2.497,0.2872,BRENK:catechol;BRENK:nitro_group;BRENK:Oxygen-nitrogen_single_bond
282,CCOc1ccc(Oc2ccc(Cl)cc2NC(=O)Cn2cnc3ccsc3c2=O)cc1,0.005425,random,2.2559,0.359,
283,CCn1c(CCNC(=O)C2(c3ccc(C(C)C)cc3)CCCC2)n[nH]c1=S,0.004033,random,2.593,0.3309,BRENK:Thiocarbonyl_group
284,NC(=O)c1cc2cc(Cl)cc(Cl)c2o/c1=N\c1cccc(F)c1,0.005278,random,2.5466,0.352,
285,CCNS(=O)(=O)[C@H]1CC[NH+](CC(=O)N[C@@H](C)C(C)C)C1,0.002003,random,4.8651,0.2857,
286,CC(=O)Nc1ccc(NC(=O)c2ccc(CN3CCc4ccccc4C3)cc2)cc1,0.002180,random,1.8595,0.7712,
287,CCCN(Cc1ccsc1)C(=O)c1cc(-c2ccccc2)on1,0.002435,random,2.2275,0.4574,
288,[NH3+][C@H](CNC(=O)Cc1ccc(F)cc1F)c1ccccc1,0.000422,random,2.9311,0.4569,
289,Cc1nnc(-c2c(C)[nH]c(C)c2S(=O)(=O)N[C@H](C)c2ccccn2)o1,0.000370,random,3.254,0.3162,
290,CCc1cnc(NC(=O)c2cc(C3CC3)[nH]n2)s1,0.017755,random,2.5608,0.3241,
291,CN(C)[C@H](C(=O)NCC1(C)COC1)c1cccc(F)c1,0.000834,random,2.9247,0.3793,
292,COc1ccc2c(C)c(C(=O)Nc3ccccc3N3CCNC(=O)C3)oc2c1,0.000114,random,2.2963,0.4326,
293,C[C@@H]([NH2+][C@@H]1CCS(=O)(=O)C1)c1ccccc1[N+](=O)[O-],0.000177,random,4.1249,0.3564,BRENK:nitro_group;BRENK:Oxygen-nitrogen_single_bond
294,Cc1cc([C@H]2OCCC[C@H]2C[NH2+]C2CC2)ccc1Br,0.040463,random,4.147,0.3113,
295,C[C@@H](N1CCN(Cc2cccc(OCc3ccccn3)c2)CC1)C(F)(F)F,0.172849,random,2.7482,0.4553,
296,COC(=O)c1ccc(C(=O)Nc2nc3ccc(C(=O)N4CCCCC4)cc3s2)cc1,0.000391,random,2.0137,0.4286,
297,O=C(Cn1ccnc1-c1ccccc1)N1CCC[C@@H](Nc2ccc(F)c(F)c2)C1,0.046518,random,2.715,0.5833,
298,C[C@H]1C[C@@H](C)CN(C(=O)C(=O)Nc2ccc(C(=O)N3CCCC[C@H]3C)cc2)C1,0.001756,random,3.1452,0.4451,BRENK:diketo_group
299,COc1cccc(-n2c(C)cn3c4c(=O)n(Cc5cccc(C)c5)c(=O)n(C)c4nc23)c1,0.001062,random,2.515,0.3757,
300,CC(C)CC[C@](C)(O)CNC(=O)NC[C@H]1CN2CCCC[C@@H]2CO1,0.010565,random,3.6671,0.3514,
301,CC1(C)OC([O-])=C2C1=NC(=O)C[C@@H]2c1cccc(O)c1,0.004549,random,3.7902,0.3647,
302,C[C@@H]1CCc2nc(NC(=O)[C@H]3CCCO3)sc2C1,0.003401,random,3.1498,0.3945,
303,C[C@@H](O)C[C@@H]1CCCN1C(=O)[C@@H]1CCOC1,0.001505,random,3.4465,0.3371,
304,O=C([O-])[C@@H]1CN(C(=O)N2CCN3C(=O)NC[C@H]3C2)CCO1,0.001348,random,3.9217,0.3481,
305,Cc1nc(CCC[NH+](C)[C@@H](C)c2sc(C(C)C)nc2C)cs1,0.025657,random,4.4023,0.305,
306,Cc1ccccc1CN(C)C(=O)[C@H](C)N1CC[NH+](CCC(C)C)CC1,0.019382,random,3.8097,0.3962,
307,C[C@H](C(=O)Nc1cnc2c(c1)c(=O)n(C)c(=O)n2C)[NH+]1CCCCCC1,0.002389,random,3.917,0.2901,
308,CC1CC(NS(=O)(=O)c2ccc(Br)cc2[N+](=O)[O-])C1,0.000129,random,2.3528,0.3243,BRENK:nitro_group;BRENK:Oxygen-nitrogen_single_bond
309,CCC[C@H]1NC(=O)N(C[C@@H](O)COc2ccccc2)C1=O,0.000065,random,2.893,0.3644,BRENK:hydantoin
310,CC1(C)[C@@H]2CC[C@@]1(C)[C@H]([NH2+]Cc1ccccc1O)C2,0.039147,random,4.9792,0.383,PAINS:mannich_A(296)
311,Cc1nc2ccccc2n1CCNC(=O)c1ccc(S(=O)(=O)N(C)C(C)C)cc1,0.000139,random,2.1709,0.4593,
312,Cc1nc2ccc(NC(=O)N[C@H]3CCCc4c3cnn4C)cc2s1,0.002388,random,2.9141,0.3172,
313,C[C@H]1CCCC[C@@H]1CN1C(=O)[C@H]2CCCN2C(=O)[C@H]1C,0.003541,random,3.6794,0.4035,
314,Cc1cc(-c2cc(N)c(=O)n([C@H](C)C(=O)NCCc3ccccc3F)n2)c(C)o1,0.000208,random,3.0068,0.35,
315,COc1ccc(N2C(=O)C(=O)N(CC(=O)Nc3cccc(Br)c3)C2=O)cc1,0.000025,random,2.0748,0.4254,BRENK:diketo_group;BRENK:hydantoin
316,C[C@@]1([C@@H](O)C2CC2)CCCO1,0.009186,random,4.0493,0.2632,
317,COc1cccc(C(=O)NCc2ccc(OC)c(C(=O)[O-])c2)c1,0.000877,random,2.1197,0.5,
318,CC1(CNC(=O)C(=O)Nc2ccc(CC[NH+]3CCSCC3)cc2)CCCC1,0.002361,random,3.5419,0.375,BRENK:diketo_group
319,CCN1C(=O)C[C@@H]([NH3+])[C@@H]1c1ccccc1C1CC1,0.011608,random,3.7034,0.4444,
320,C[C@@H]([NH2+]CC1(c2cccc(F)c2)CCOCC1)C(=O)Nc1cccc(Cl)c1,0.002723,random,3.4366,0.3901,
321,Cc1cccc(C)c1Nc1nc2ccccc2n2cnnc12,0.001632,random,2.2845,0.3525,
322,CC[NH2+][C@H](Cc1ncccc1C)c1ccc(F)c(C)c1,0.004371,random,3.5802,0.36,
323,C[C@@H]1C[C@@H]([NH3+])CN(c2ccc([N+](=O)[O-])cc2C(N)=O)C1,0.000238,random,3.6892,0.3364,PAINS:anil_di_alk_A(478);BRENK:nitro_group;BRENK:Oxygen-nitrogen_single_bond
324,O=C(NCCCC(=O)N1CCC(C(=O)c2ccc3c(c2)OCCO3)CC1)c1ccc(Cl)cc1,0.004849,random,2.2354,0.4756,BRENK:Aliphatic_long_chain
325,COCc1cc(N2CC[C@@H]([NH3+])[C@@H](OC)C2)ncn1,0.002649,random,3.9871,0.2766,
326,Cc1noc(C)c1CC(=O)NC[C@@H](c1ccc(Cl)cc1)n1cccn1,0.001786,random,2.8957,0.354,
327,COc1cc(OC)c(/C=C(/C)C[NH2+]C2CC2)c(OC)c1,0.016011,random,3.3568,0.3723,
328,CC(C)CNC(=O)Cc1ccc(NC(=O)c2cc3c(s2)S(=O)(=O)CC3)cc1,0.000222,random,2.626,0.3706,
329,Cc1occc1-c1nnc(SCC(=O)N2CC[C@H](C)Sc3ccccc32)n1N,0.003512,random,3.1616,0.3867,
330,C[C@@H](NC(=O)CN(c1cc(Cl)c(Cl)cc1Cl)S(C)(=O)=O)c1ccccc1,0.003059,random,2.6066,0.5185,BRENK:halogenated_ring_1
331,COc1cc(/C=C2/SC(=O)N(CC(=O)N3CCOCC3)C2=O)ccc1OC(C)C,0.000492,random,2.3404,0.4218,BRENK:Michael_acceptor_1;BRENK:thioester
332,O=C(c1ccc(Cl)cc1Cl)N1CCN(Cc2ccc3c(c2)CCO3)CC1,0.189149,random,2.0575,0.5913,
333,O=C([O-])[C@@H](S)[C@H](S)C(=O)[O-],0.004381,random,5.5838,0.1129,BRENK:thiol_2
334,COc1cc([N+](=O)[O-])ccc1S(=O)(=O)Nc1ccccc1,0.000075,random,1.8277,0.3929,BRENK:nitro_group;BRENK:Oxygen-nitrogen_single_bond
335,COc1cc([C@@H](N)C(F)(F)F)c(Br)c(Br)c1O,0.004845,random,3.2366,0.3,
336,[O-]c1nc(-c2ccncc2)nc2c1C[NH+](Cc1ccncc1)CC2,0.020097,random,4.2621,0.315,
337,Cc1ccc(-c2ccc(=O)n(-c3c(C)noc3C)n2)cc1S(=O)(=O)N1CCc2ccccc21,0.001771,random,2.6648,0.4969,
338,O=C(Cc1c(F)cccc1F)N1CCCC[C@@H]([NH+]2CCCC2)C1,0.018464,random,3.9409,0.4298,
339,CC[C@@H](CNC(=O)[C@H]1CCCO1)Oc1ccccc1C(F)(F)F,0.003206,random,3.1119,0.4018,
340,C=CCn1c(SCC(=O)Nc2nc3ccccc3s2)nnc1C(C)C,0.000122,random,2.3345,0.4098,BRENK:isolated_alkene
341,CC(=O)N1C=Cc2ccccc2[C@H]1CC(=O)N[C@@H](C)Cn1cc[nH+]c1,0.005166,random,4.2144,0.4673,
342,Nc1ccc(=O)n(CCN2CC[NH+]3CCC[C@@H]3C2)c1,0.080386,random,4.6567,0.25,
343,C[C@H](C(=O)N1CCC[C@H]([C@@H]2C[C@H](C(F)F)n3ncnc3N2)C1)c1ccccc1,0.011743,random,4.1851,0.3669,
344,CC[C@H](C)N1C(=O)[C@@H](C)NC(=O)C1(C)C,0.000881,random,3.6926,0.3378,
345,CCCN(C[C@H]1C=c2ccccc2=[NH+]C1=O)C(=O)c1ccc(C)cc1,0.000656,random,3.6612,0.4032,
346,C=C(Br)CO[C@@H]1CC[C@@H]([NH3+])C1,0.002712,random,4.9028,0.2571,
347,CCOCCN1C(=O)[C@H]2CCCN2C(=O)[C@@H]1CC,0.002032,random,3.2415,0.3578,BRENK:Aliphatic_long_chain
348,CC[C@H]1COCCN1C(=O)N[C@@H](C)c1ccc(S(C)(=O)=O)c(F)c1,0.000613,random,3.1723,0.3492,
349,C[NH2+][C@H](Cc1nccs1)C(C)(C)OC,0.005131,random,4.4088,0.3373,
350,O=C(Nc1ccc(-c2nnc3n2CCCCC3)cc1)c1ccccc1C(F)(F)F,0.005048,random,2.2062,0.38,
351,CCOc1ccc([C@H]2CC(=O)C3=C(C2)NC(=O)C[C@H]3c2ccc3c(c2)OCO3)cc1OC,0.003077,random,3.2482,0.4534,
352,CCc1ccc(N2CN(C[C@@H]3CCCO3)Cn3c2nc(C)c(C)c3=O)cc1,0.005410,random,3.1147,0.3333,
353,COCCn1nc(/C([O-])=N/S(=O)(=O)Cc2ccc(C#N)cc2)ccc1=O,0.000495,random,3.0331,0.339,BRENK:imine_1;BRENK:imine_2
354,C[C@H](NC(=O)c1ccccn1)c1nc2ccccc2n1Cc1c(Cl)cccc1Cl,0.004508,random,2.6307,0.4885,
355,CC(C)(C)C(=O)NCCC(=O)NCc1cc(Cl)c2c(c1)OCCO2,0.002220,random,2.3152,0.3846,
356,Cc1cccc(-n2ccnc2C[NH+]2CCC[C@H](CNC(=O)c3cccc4ccccc34)C2)c1,0.012663,random,3.8309,0.3646,
357,O=C(NC[C@H](c1ccco1)[NH+]1CCCC1)C(=O)Nc1cccc(Cl)c1Cl,0.001222,random,3.9265,0.4154,BRENK:diketo_group
358,C[C@H]1CN(Cc2csc(=S)n2-c2c(F)cccc2F)C[C@@H](C)O1,0.008699,random,3.5052,0.3925,BRENK:Thiocarbonyl_group
359,O=C1C(=O)N(CCC[NH+]2CCOCC2)[C@@H](c2ccccc2)/C1=C(\O)c1ccccc1,0.001253,random,3.5582,0.4493,BRENK:acyclic_C=C-O;BRENK:diketo_group;BRENK:Michael_acceptor_1
360,CC1(C)CO[C@H](c2ccccc2)CN1C(=O)Cn1ccccc1=O,0.000137,random,2.9724,0.405,
361,O=c1ccc(Br)cn1C/C([O-])=N/S(=O)(=O)CCCF,0.000461,random,3.4908,0.3053,BRENK:imine_1;BRENK:imine_2
362,COc1ccccc1/C=C/C(=O)N(C[C@H]1CCCO1)[C@@H]1CCSC1,0.001570,random,3.2762,0.3796,BRENK:Michael_acceptor_1
363,C[C@H](C(=O)NCc1cccs1)N1CC[C@@]2(CCC1=O)NC(=O)c1ccccc1O2,0.001018,random,3.9487,0.3907,
364,CC(C)[NH+]1CCCN(Cn2nc(N3CCCCC3)n(C3CC3)c2=S)CC1,0.018463,random,4.1123,0.2959,BRENK:Thiocarbonyl_group
365,O=[N+]([O-])c1cccc2c1ccn2Cc1csc(C2CCCC2)n1,0.003686,random,2.4987,0.3426,BRENK:nitro_group;BRENK:Oxygen-nitrogen_single_bond
366,O=C(NCCOc1ncccc1Cl)c1c(O)cccc1O,0.006925,random,2.2556,0.354,BRENK:Aliphatic_long_chain
367,Cc1cccc2nnc(N3CCC[C@@H](C(=O)NCc4cccs4)C3)n12,0.001671,random,2.9279,0.4275,
368,COc1cccc(CN(C(=O)c2cc(=O)[nH]c3ccccc23)C2CC2)c1,0.001741,random,2.0938,0.4504,
369,CNC(=O)c1ccc(Cl)cc1NCC(=O)N[C@@](C)(C#N)C(C)C,0.001618,random,2.8145,0.3178,
370,CCc1nn2c(c1-c1cccc(OC)c1)NC(=O)[C@@H]2CC(=O)Nc1ccc(C(C)=O)cc1,0.000220,random,3.0936,0.3688,
371,Cc1cc(C)c(C)c(S(=O)(=O)N2CCC(C(=O)N[C@H](C)C3CC3)CC2)c1C,0.003380,random,2.8022,0.5373,
372,Cc1ccoc1[C@H](C)[NH2+]Cc1cccc(Br)c1,0.004332,random,3.8255,0.3663,
373,CN(C)C(=O)/C=C/c1ccc(N2CCCS2(=O)=O)cc1,0.000291,random,2.4775,0.4,BRENK:Michael_acceptor_1
374,COc1nccnc1N1CC(c2ccncc2)C1,0.023300,random,2.4249,0.3789,
375,CCc1nc(COC(=O)C2CCN(C(C)=O)CC2)cs1,0.001642,random,2.2507,0.3913,
376,O=C(C[C@@H]1CCOc2ccccc21)Nc1c(F)cccc1Br,0.001136,random,2.6864,0.4567,
377,CCN1N=C(C)Cn2c1nc1c2c(=O)n(Cc2ccccc2)c(=O)n1C,0.000225,random,2.6837,0.4351,
378,O=C(CCOC[C@H]1CCCO1)Nc1ccc2c(c1)CCC(=O)N2,0.002044,random,2.7504,0.3594,BRENK:Aliphatic_long_chain
379,CCCC(=O)N1CCN(c2ccc(Nc3ccc(C)cc3)nn2)CC1,0.003070,random,2.0831,0.4254,
380,C[C@H]1[C@H](C(=O)[O-])CC[NH+]1Cc1cnn(-c2ccccc2)c1,0.005389,random,4.6229,0.3577,
381,COc1ccc(N2C[C@@H](NC(=O)NCc3ccccc3OC)CC2=O)cc1,0.001045,random,2.44,0.5175,
382,Cc1cc(C)n(-c2nc(C(C)C)cc(N3CC[C@@H]([NH3+])C3)n2)n1,0.002034,random,3.654,0.3386,
383,Cc1ccc(C[NH+]2CCc3nc(NC(=O)c4ccccn4)sc3C2)cc1,0.000675,random,3.6592,0.3577,
384,CCS[C@H](C)C(=O)Nc1c(F)cccc1F,0.000069,random,2.5516,0.3478,
385,C=CCN(Cc1ccc(Cl)s1)C(=O)[C@@H]1CCCN(C(N)=O)C1,0.001375,random,2.9771,0.4312,BRENK:isolated_alkene
386,CCCCCSc1nnc([O-])[nH]c1=O,0.002449,random,3.2903,0.3143,BRENK:Aliphatic_long_chain
387,O=C(CCc1ccccc1)Nc1ccc(NC(=O)C2CC2)nc1,0.000043,random,1.7782,0.4034,
388,Cc1cc(C)c2nc(N(CC[NH+]3CCOCC3)C(=O)c3ccc(C#N)cc3)sc2c1,0.003378,random,3.4402,0.5097,
389,Cc1ccc(N2CCC[C@@H](NC(=O)NC[C@@H]3CCC[C@H](O)C3)C2)cc1,0.001651,random,3.111,0.3561,PAINS:anil_di_alk_E(186)
390,CCC(=O)N1CCC[C@@H](C(=O)Nc2cccc(Cl)c2)C1,0.000053,random,2.2683,0.4174,
391,CC(Nc1c(C)n(C)n(-c2ccccc2)c1=O)=C1C(=O)N(C)C(=O)N(C)C1=O,0.000397,random,2.6485,0.3139,BRENK:Michael_acceptor_1;BRENK:Michael_acceptor_4
392,C[C@H]1CCN(C(=O)Nc2nnc(C(F)F)s2)[C@@H](C)C1,0.001742,random,3.4121,0.4059,
393,O=C1CC[C@@H](CC(=O)N2CCC(Oc3ccccc3)(C(=O)[O-])CC2)N1,0.000640,random,3.3785,0.3427,
394,O=C(Cn1ccc(=O)c2ccccc21)N1CC[NH+]2CCCC[C@@H]2C1,0.008069,random,4.1804,0.3709,
395,CC[NH+]1CCN(C(=O)N[C@H](C)C(C)(C)c2ccccc2)CC1,0.004591,random,4.0069,0.3762,
396,Fc1ccccc1C[NH2+]CCC[NH+]1CCOCC1,0.008807,random,4.5824,0.2967,BRENK:Aliphatic_long_chain
397,C[C@@H](N[C@@H]1CC[C@H]([NH+](C)C)C1)c1nc2ccccc2n1C,0.014584,random,4.2047,0.3478,
398,O=C1CCCN1CC(=O)N1CCC[C@H](Nc2ccc3c(c2)OCCO3)C1,0.002505,random,2.7875,0.4295,PAINS:anil_di_alk_C(246)
399,COc1cc(C[NH+]2C[C@H]3[C@@H](C2)OCCN3C)ccc1OCc1ccccc1,0.018049,random,4.0182,0.4245,
400,CCN(C(=O)c1cc(C(C)C)n(C(C)(C)C)n1)c1cccnc1,0.003101,random,2.6653,0.3306,
401,CCOc1cc(/C=C(\C#N)C(=O)Nc2ccccc2F)c(Br)cc1O,0.000226,random,2.3509,0.3529,BRENK:conjugated_nitrile_group;BRENK:Michael_acceptor_1
402,CC[C@@H](NC(=O)COc1ccc2c(c1)CCC(=O)N2)c1ccc(OC)cc1,0.001545,random,2.576,0.4385,
403,Cc1ccccc1O[C@@H](C)C[NH2+]C1CCN(C(=O)CC(C)(C)C)CC1,0.007297,random,3.6098,0.3707,
404,C[C@@H]1[C@@H](C(=O)[O-])CCN1C(=O)N1CC[NH+]2CCCC[C@@H]2C1,0.002525,random,5.533,0.28,
405,O=C(NCc1nnc([S-])n1-c1ccc(F)cc1)C12CC3CC(CC(C3)C1)C2,0.003501,random,4.0511,0.5224,BRENK:thiol_1
406,CCc1ccc(S(=O)(=O)N[C@@H](C)CCCO)cc1N,0.005083,random,2.6931,0.3404,BRENK:aniline
407,Cc1cccc(-c2ccccc2C(=O)N2CCC[C@](CO)(Cc3ccccc3F)C2)c1,0.116696,random,2.73,0.4422,
408,CC1(C)CCC[NH+]1[C@H]1CCC[C@@](C#N)(NC2CC2)C1,0.004204,random,5.2234,0.271,
409,Cn1ccnc(O[C@H]2CCC[C@@H]([NH3+])C2)c1=O,0.004626,random,4.0992,0.2442,
410,COc1ccc(CSc2nnc(-c3ccccc3C)n2N)cc1,0.000482,random,1.9616,0.486,
411,CCOc1cccc(C2CC([NH2+]C)C2)c1,0.010538,random,3.008,0.443,
412,Cc1ccccc1NC(=O)NC[C@H](c1cccnc1)N1CC[NH+](Cc2ccccc2)CC1,0.005709,random,3.4852,0.5098,
413,CC(C)NC(=O)C[C@H](C)NC(=O)Nc1cnn(-c2ncccn2)c1,0.006245,random,2.9523,0.2752,
414,C[C@@H](c1ccc(F)cc1)N(C)C(=O)Nc1ccc([N+](=O)[O-])cc1,0.000009,random,2.3787,0.42,BRENK:nitro_group;BRENK:Oxygen-nitrogen_single_bond
415,Cc1noc(C)c1COc1cc2ccccc2cc1C(=O)Nc1cccc(S(=O)(=O)N(C)C)c1,0.000934,random,2.3338,0.4231,
416,CCC(C)(C)[C@H]1CCc2sc3ncnc(N/N=C\c4cccnc4)c3c2C1,0.009078,random,3.2577,0.3664,BRENK:imine_1;BRENK:Oxygen-nitrogen_single_bond
417,O=C(CCc1ccco1)NCc1ccc(CN2CCCC2=O)cc1,0.000861,random,2.043,0.3966,
418,Cc1ccc([C@H](C)NC(=O)[C@H]2CC(=O)N(C)C2)cc1,0.000283,random,2.6642,0.3962,
419,C[NH+](Cc1cccc(C#N)c1)[C@H](C(=O)NC1CC1)c1ccccc1,0.003639,random,3.6963,0.4259,
420,CC[C@H](C)NC(=O)C(=O)NC[C@H]1CCCO1,0.000781,random,2.8533,0.4051,BRENK:diketo_group
421,CC(C)(C)c1ccc(=O)n(Cc2nc(-c3cccc(C(F)(F)F)c3)no2)n1,0.000872,random,2.4692,0.3566,
422,CC(C)(CNC(=O)NNC(=O)Nc1ccccc1)c1ccccc1,0.000169,random,2.0276,0.4118,BRENK:Oxygen-nitrogen_single_bond
423,CC(=O)C[C@@H](C)[C@@H]1CCCc2cccnc21,0.040326,random,3.3266,0.4198,
424,CCCC(=O)N1CCC[C@H](C(=O)NCC(C)(C)CC(C)C)C1,0.001323,random,2.8099,0.4375,
425,Cc1cccc(C(=O)NCCC(=O)N2CCN(c3cccc(C)c3C)CC2)c1,0.000631,random,1.9496,0.4444,
426,Cc1ccccc1-n1c(C)nnc1S[C@H](C)C(=O)N1CCCC1,0.000180,random,2.5592,0.4017,
427,COc1cc([C@@H]2OC(c3ccccc3I)=NN2C(C)=O)cc(OC)c1OC,0.001512,random,3.0446,0.475,BRENK:iodine
428,CCCOc1ccc(Cl)cc1C(=O)N1CCN(CCO)CC1,0.028502,random,1.9328,0.4602,
429,COc1ccc(Cl)c(NNC(=O)c2cc(-c3ccccc3)[nH]n2)c1,0.000893,random,2.1837,0.3496,BRENK:Oxygen-nitrogen_single_bond
430,COc1ccc(-n2nnc3c(N4CCN(C(=O)c5ccco5)CC4)ncnc32)cc1,0.000927,random,2.3922,0.4012,
431,C=CCN1C(=O)[C@@](Nc2ncccc2C)(C(F)(F)F)N=C1c1ccccc1,0.001082,random,3.2593,0.3655,BRENK:isolated_alkene
432,CCn1ncc(Br)c1C(=O)N[C@H]1C(=O)N2C(C(=O)[O-])=C(COC(C)=O)CS[C@H]12,0.003035,random,3.9563,0.3289,
433,COc1ccc2c(c1OC)C(=O)O[C@H]2NNC(=O)c1ccccc1C,0.001436,random,2.8306,0.4017,BRENK:Oxygen-nitrogen_single_bond
434,O=C([O-])c1cccnc1C[NH+]1CCC[C@H]1c1ccccn1,0.004485,random,4.6627,0.3307,
435,CN(CCC(=O)OC(C)(C)C)C(=O)c1cccc(-c2ccoc2)c1,0.000251,random,2.3043,0.3548,
436,C[C@H]1CC(C(=O)Nc2ccc(N[C@@H](C)c3ccccc3)cc2)C[C@@H](C)O1,0.000538,random,3.1364,0.3944,
437,Cc1cc(C)c(Cc2ccccc2)cc1O,0.047152,random,1.7479,0.4157,
438,CN(CC(F)(F)F)[C@@H]1CC[C@@](C#N)(NC2CC2)C1,0.025016,random,3.9691,0.2921,
439,Cc1ccc(/C=C(/NC(=O)c2ccccc2)C(=O)NCCC2=c3ccccc3=[NH+]C2)o1,0.000699,random,3.2189,0.3576,BRENK:Michael_acceptor_1
440,O/N=C1\CCN(CCSc2ccccc2)c2ccccc21,0.002673,random,2.3593,0.4771,BRENK:imine_1;BRENK:oxime_1;BRENK:Oxygen-nitrogen_single_bond
441,CC[C@](C)(NCc1cc(Cl)nc(Cl)c1)c1nc(C)cs1,0.015988,random,3.3779,0.313,BRENK:2-halo_pyridine
442,Cc1cc(F)ccc1S(=O)(=O)Nc1cc2c3c(c1)CCC(=O)N3CCC2,0.027271,random,2.4129,0.6496,
443,CCn1c(Sc2cnn(C)c(=O)c2Cl)nnc1-c1ccccc1,0.000999,random,2.4563,0.3141,
444,CC(C)(C)NC(=O)c1cccc(NC(=O)Nc2ccccc2)c1,0.000101,random,1.6906,0.4141,
445,COc1ccc2nc(-c3ccc(C)c(NC(=O)c4cccc(Cl)c4)c3)cn2n1,0.000322,random,2.2601,0.3865,
446,CS(=O)(=O)CCN1CCN(c2ncccc2F)CC1,0.063726,random,2.1778,0.4211,
447,C[NH+](Cc1ccc(C2=NC(=O)[C@H]3CSCC3=N2)cc1)Cc1nccs1,0.004724,random,4.7913,0.3358,
448,CN(C1CCC(C)(C)CC1)S(=O)(=O)c1ccc(S(N)(=O)=O)cc1,0.000343,random,2.3464,0.4146,
449,Cn1cnc(CCNC(=O)C2(C#N)CCCCC2)n1,0.001722,random,2.9447,0.2745,
450,O=C(Cc1ccc(Cl)cc1)NCc1cc(-c2cccs2)on1,0.000863,random,2.1087,0.3879,
451,CC1=C[C@@H](C(=O)N/N=C/[C@@H]2[C@H](C)NN(c3ccccc3)[C@H]2Cl)N=N1,0.001006,random,4.8035,0.3037,BRENK:alkyl_halide;BRENK:imine_1;BRENK:N-C-halo;BRENK:Oxygen-nitrogen_single_bond
452,Cc1nc(SCC(=O)Nc2cccc3ccccc23)oc1C,0.000033,random,2.0549,0.4014,
453,CCC(C)(C)C1CCC(NC(=O)Cn2c(CS(C)(=O)=O)nc3ccccc32)CC1,0.003651,random,2.5149,0.3835,
454,CC[NH+](CC)c1ccc2c(c1)[C@H]1C=CC[C@H]1[C@H](c1cc([N+](=O)[O-])ccc1O)N2,0.008106,random,4.5122,0.2857,PAINS:mannich_A(296);PAINS:anil_alk_ene(51);BRENK:isolated_alkene;BRENK:nitro_group;BRENK:Oxygen-nitrogen_single_bond
455,[NH3+]C[C@H](c1c[nH]c2ccccc12)C(F)(F)F,0.002104,random,3.4879,0.5412,
456,Cc1ccc(-c2n[nH]cc2C[NH+]2CCC(c3noc(C)n3)CC2)o1,0.015762,random,4.1661,0.2879,
457,CC[NH2+][C@H](Cc1ccc(O)cc1)C[C@@H]1CCCO1,0.073552,random,3.8709,0.3537,
458,CCOC(=O)[C@]1(NC)CCC[C@H](Sc2nncs2)C1,0.001232,random,3.9387,0.2574,
459,CCOC(=O)C(C#N)=C(C(F)(F)F)[C@]1(C)N(C)c2ccccc2C1(C)C,0.006429,random,3.658,0.4215,BRENK:conjugated_nitrile_group;BRENK:Michael_acceptor_1
460,O=C(Nc1ncc(Cc2ccccc2Cl)s1)c1ccccc1Cn1cncn1,0.001339,random,2.3529,0.4038,
461,Cn1c2c(c(=O)[nH]c1=O)CN(C1CC1)CN2,0.008805,random,2.9647,0.2828,
462,CN(Cc1cc(-c2ccccc2)on1)C(=O)C[C@H]1NC(=O)c2ccccc21,0.001022,random,2.8737,0.4825,
463,CC(=O)N[C@H]1CCC[NH+]([C@@H](C)C(=O)Nc2c([N+](=O)[O-])ccc(C)c2C)C1,0.000782,random,4.3626,0.3106,BRENK:nitro_group;BRENK:Oxygen-nitrogen_single_bond
464,COC[C@@H]1CCC[NH+]1CC1=Cc2ccccc2OC1,0.002813,random,4.5879,0.3509,
465,C#C[C@@H](NC)C(CC)(CC)[NH+](C)C,0.013028,random,5.3241,0.2179,BRENK:triple_bond
466,O=C(NCc1ccccc1F)N1CCN(S(=O)(=O)c2ccccc2F)CC1,0.000126,random,2.0125,0.4615,
467,CSc1ccccc1NC(=O)c1ccc(N(C)C)nc1,0.000083,random,2.0285,0.3984,
468,O=C1CC[C@@]2(CCCN(c3cc(NCCO)ncn3)C2)CN1CC1CC1,0.015344,random,3.7238,0.3095,
469,Cc1ccc(C(=O)Cn2cnc3sc(C(N)=O)c(C)c3c2=O)cc1C,0.000262,random,2.2929,0.3462,
470,CCc1cnc(NC(=O)C2CCN(C(=O)N3CCCC3)CC2)s1,0.003277,random,2.287,0.4414,
471,Cc1ccc(-c2cnc(CCC(=O)Oc3ccccc3F)o2)cc1,0.001140,random,2.0623,0.4394,BRENK:phenol_ester
472,Cc1cc(N(C)C)ccc1NC(=O)C(=O)NC[C@@H](C(C)C)[NH+]1CCC(C)CC1,0.002883,random,3.9009,0.3287,PAINS:anil_di_alk_A(478);BRENK:diketo_group
473,CC(C)C[NH+](C1CC1)[C@@H](C)c1ccc(C(=O)[O-])o1,0.001772,random,5.0521,0.3085,
474,COC[C@@H]([NH2+]C[C@]1(O)CCOC1)C(C)C,0.002919,random,4.7654,0.2727,
475,COc1cc([C@@H](C)N[C@H]2CC[C@H]([NH+](C)C)C2)ccc1OC(F)F,0.028353,random,4.1249,0.3776,
476,CCOC(=O)C1=C(CN2CC[C@H](c3ccccc3)C2)NC(=O)N[C@@H]1c1cccs1,0.039453,random,3.1772,0.4336,
477,CC(C)(C)OC(=O)N[C@@H]1CCN(C(=O)c2ccccc2)C1,0.000693,random,2.2751,0.4242,
478,COc1cc(C)c([C@@H](C)NC(=O)N[C@@H](C)c2ncc(C)s2)cc1OC,0.001311,random,3.1339,0.4138,
479,C[NH2+][C@H](C)c1cc(F)ccc1OCCN1CCOCC1,0.004063,random,3.2785,0.4615,
480,O=S(=O)(Cc1ccccc1)N1CCn2c(cc3cc(F)ccc32)C1,0.003110,random,2.3948,0.48,
481,CC1CCC([NH+]2CCC(NC(=O)N[C@H](C)c3cnn(C)c3)CC2)CC1,0.016064,random,4.1615,0.2908,
482,CC[C@H](C#N)NC(=O)[C@H]1COc2ccc(F)cc2C1,0.002346,random,3.1732,0.3864,
483,Cc1cc(C)cc(CSCc2ccccc2/C(N)=N/O)c1,0.002639,random,2.2721,0.404,BRENK:imine_1;BRENK:imine_2;BRENK:oxime_1;BRENK:Oxygen-nitrogen_single_bond
484,Cc1cc(C)c(C(=O)N[C@H]2CCCN(c3ccccc3F)C2=O)o1,0.000130,random,2.8231,0.4344,
485,O=C(Nc1ccccc1F)N[C@@H]1CC(=O)N(c2ccc(Cl)cc2)C1,0.000182,random,2.3844,0.4609,
486,C[C@H](C(=O)Nc1ccncc1)[NH+]1CCc2ccccc2C1,0.004092,random,3.9167,0.3646,
487,COc1ccc(CCNC(=O)c2cccc(I)c2)cc1,0.002309,random,1.6648,0.49,BRENK:iodine
488,CC#CCN[C@@H](C)c1ccc(N2CCCC2=O)cc1,0.017528,random,2.8628,0.4483,BRENK:triple_bond
489,C=CCN1C(=O)[C@@](NC(=O)c2ccco2)(C(F)(F)F)N=C1c1ccccc1,0.000279,random,3.1889,0.4194,BRENK:isolated_alkene
490,CN1CCO[C@H]2CN(C(=O)c3cn(C)nc3C(C)(C)C)C[C@H]21,0.005030,random,3.6586,0.3009,
491,COc1cccc(Nc2nc(-c3ccc4c(c3)OCO4)cs2)c1,0.001500,random,2.0399,0.381,
492,C[NH+]1CCN(CCC(=O)N/N=C\c2cc3c(cc2[N+](=O)[O-])OCO3)CC1,0.003933,random,3.4857,0.4275,BRENK:imine_1;BRENK:nitro_group;BRENK:Oxygen-nitrogen_single_bond
493,CCOC(=O)c1ccc(NC(=O)N2Cc3ccccc3[C@H](N3CCOCC3)c3ccccc32)cc1,0.006693,random,2.8643,0.4831,
494,C[C@@H](C(=O)N(c1ccccc1)c1ccccc1)n1c(=O)oc2ccccc21,0.003440,random,2.6696,0.5603,
495,COc1cc(/C=C/C(=O)N2CCC2)cc(OC)c1OC,0.001369,random,1.9685,0.5568,BRENK:Michael_acceptor_1
496,COc1ccc(CC(=O)N[C@H](C)C(=O)[O-])cc1F,0.000288,random,2.8009,0.3511,
497,O=C(C[NH+]1CCC(c2nnc(-c3ccc(F)cc3)o2)CC1)Nc1ccc(Cl)cc1,0.005892,random,3.165,0.3856,
498,CS(=O)(=O)N1CCC(C(=O)N[C@H]2CCSc3ccc(Cl)cc32)CC1,0.002333,random,2.8479,0.406,
499,CCc1ccc([C@H](C)C(=O)Nc2cccc(NC(=O)c3ccoc3)c2)cc1,0.000301,random,2.5164,0.4172,
500,O=C(NCC1CCC(C(=O)N2CCOCC2)CC1)c1nn(-c2ccccc2)c2c1COC2,0.003507,random,2.6643,0.4125,
